start_s,end_s
7.599972705855312,14.319948572085272
31.759885939205883,38.439861949089234
46.95983135091651,66.99975938056657
82.2397046486238,88.0396838188818
100.63963856806298,107.43961414698614
108.03961199218526,111.63959906337988
117.35957852094467,125.47954935930586
128.95953686146066,138.95950094811238
150.79945842670804,158.91942926506923
230.87917083261505,234.75915689823591
245.639117824513,250.8390991495719
271.1590261736482,274.95901252657586
292.27895032465665,296.67893452278344
314.9588688731828,319.5988522093892
335.55879489168535,339.19878181922655
349.71874403838416,359.0387105671436
386.11861331379646,393.798585732345
408.9985311440556,415.4385080158593
418.0784985347354,430.7584529966098
443.5184071711774,449.91838418663446
462.278339797736,467.4383212664483
549.1980276389128,551.2780201689363
556.917999913808,561.997981669827
580.317915876573,585.1578984945124
599.7978459173705,604.437829253577
604.5578288226168,607.1578194851462
615.3977898925473,621.8777666206976
644.0776868930644,649.2776682181233
650.3976641958283,653.2776538527839
661.2376252657588,671.9175869103028
680.5975557375165,686.037536200655
699.0774893696489,703.4774735677756
721.7174080618285,725.7173936964891
736.1173563466069,741.197338102626
763.9572563638453,771.7572283514336
789.1971657185543,794.9971448888123
795.1971441705452,798.277133109234
818.7570595586967,826.7170309716715
848.7969516749986,856.3169246681606
857.7169196402918,860.956908004367
864.9968934953744,876.9168506866632
887.9568110383267,892.8367935126128
897.8367755559386,906.1567456760329
916.4767086134574,919.876696402919
925.4766762914439,936.9566350629202
952.7565783198299,959.4765541860598
1066.116171206114,1070.3961558352007
1088.3160914784808,1092.7160756766075
1111.276009021433,1116.475990346492
1131.11593776935,1135.59592168017
1164.315818537034,1173.1157869332874
1181.8357556168476,1187.195736367293
1198.6756951387692,1203.6356773257485
1208.755658938114,1218.4756240303395
1234.115567861863,1238.7155513417226
1243.7555332413951,1254.9554930184452
1365.5150959604666,1377.1950540136759
1397.2749818996724,1402.514963081078
1413.9949218525542,1426.314877607309
1454.1547776245475,1470.674718295696
1501.7946065333563,1505.394593604551
1519.2345439004769,1528.874509280009
1560.834394500948,1564.194382434063
1576.5943379015112,1588.714294374533
1620.5941798827787,1652.514065247371
1673.7939888237659,1675.8739813537895
1686.4739432856404,1693.43391828995
1717.7138310923403,1723.9538086824111
1759.9936792507037,1766.5536556915474
1770.0736430500488,1774.8736258116417
1775.0736250933746,1779.4736092915014
1788.2335778314084,1797.713543785554
1812.1934917830258,1816.353476843073
1825.3534445210596,1830.5534258461184
1851.5133505717404,1857.8333278745044
1860.5933179624203,1872.113276590243
1889.2332151065907,1894.2731970062632
1908.1131473021892,1912.3531320749296
2031.3527047060852,2036.0726877549846
2071.272561339999,2076.152543814285
2105.672437798081,2110.552420272367
2131.072346578176,2135.952329052462
2153.152267281503,2156.792254209044
2172.2721986151814,2177.3921802275468
2209.3120655921393,2216.0320414583693
2227.6319997988853,2239.7119564155605
2256.951894500948,2263.8318697925642
2278.2718179336894,2281.871805004884
2286.9117869045567,2293.4317634890535
2324.151653163248,2326.1116461242314
2394.9913987530886,2398.711385393323
2416.5913211802563,2423.751295466299
2428.231279377119,2430.7912701833015
2440.311235993794,2445.5512171752
2461.3511604321093,2468.2711355800725
2474.951111589956,2483.2310818537035
2508.1509923576396,2512.5509765557663
2521.950942797219,2527.83092168017
2556.230819686261,2563.950791961156
2593.9506842211113,2608.830630782049
2634.1905397057976,2637.710527064299
2649.7504838246277,2657.0304576797103
2669.7104121415846,2674.470395046831
2685.3103561167613,2690.1903385910473
2694.310323794748,2698.1503100040222
2705.1502848646783,2719.470233436764
2757.390097253347,2767.5100609090387
2776.0300303108656,2779.9100163764865
2800.549942251336,2805.1899255875423
2829.3498388208927,2837.509809515601
2852.7897546400045,2863.949714560708
2899.469586996495,2904.6295684652073
2926.4294901741077,2937.0694519623053
3010.1091896512094,3018.4691596276502
3042.2690741538813,3052.0290391024537
3072.8689642590357,3080.188937970465
3112.0688234787103,3121.548789432856
3420.827714618169,3424.307702120324
3432.7876716658047,3438.7076504051024
3455.547589927024,3459.187576854565
3469.667539217376,3477.747510199391
3497.9074377980805,3501.6274244383153
3516.387371430213,3524.1873434178015
3541.5872809285756,3546.5072632592082
3564.1871997644084,3573.9471647129803
3574.3471632764463,3578.0271500603344
3593.0670960466587,3600.4670694707806
3624.3069838533584,3633.706950094811
3633.946949232891,3637.4669365913924
3696.2667254209045,3707.386685485261
3721.666634201,3725.2266214158476
3730.62660202264,3741.46656309257
3758.3865023271846,3766.186474314773
3782.906414267655,3787.3063984657815
3792.706379072574,3803.9863385623166
3824.4262651554327,3835.6662247888294
3858.9461411825546,3868.1861079986206
3886.6260417744065,3891.0260259725333
3896.666005717405,3918.825926133425
3947.745822272022,3954.865796701718
3981.625700597598,3987.8256783313223
4006.945609665,4011.7055925702466
4018.5055681491694,4029.7855276389128
4052.825444894558,4060.305418031374
4080.145346779291,4085.4653276733893
4102.545266333391,4107.225249525944
4131.425162615641,4137.425141067632
4143.10512066885,4146.865107165431
4159.145063063839,4161.945053008102
4180.70498563466,4184.824970838361
4203.9849020283855,4211.5448748778945
4239.2647753260935,4244.584756220192
4254.26472145607,4272.90465451359
4311.344516462679,4318.024492472562
4344.264398235936,4350.984374102166
4362.9043312934555,4367.424315060622
4374.264290495891,4378.544275124978
4391.344229155892,4408.424167815893
4435.9040691260125,4440.904051169338
4569.423589610987,4578.0235587255065
4594.663498965695,4597.703488048038
4602.9434692294435,4606.903455007757
4615.983422398437,4631.023368384761
4647.143310492444,4654.703283341953
4671.383223438487,4677.263202321438
4682.983181779004,4688.983160230994
4692.663147014882,4696.183134373384
4696.383133655117,4698.503126041487
4702.583111388841,4716.583061110154
4755.702920617135,4765.142886714934
4779.422835430672,4783.062822358214
4793.302785582945,4804.142746652876
4815.742704993392,4821.182685456531
4821.7026835890365,4824.302674251566
4844.582601419295,4848.18258849049
4862.2625379244955,4871.582504453255
4892.1824304717575,4903.3823902488075
5010.102006981555,5015.22198859392
5020.021971355513,5026.981946359823
5041.0218959374815,5045.301880566569
5050.461862035281,5056.181841492846
5072.301783600528,5079.741756880997
5095.781699275987,5100.261683186806
5105.981662644372,5117.861619979314
5131.901569556972,5136.261553898753
5141.301535798425,5147.421513819456
5162.70145894386,5171.501427340114
5197.7013332471415,5200.461323335057
5203.901310980865,5208.661293886112
5223.821239441476,5228.1812237832555
5237.9811885881745,5242.621171924381
5262.341101103258,5269.821074240073
5287.541010601621,5291.180997529162
5300.6209636269605,5305.1009475377805
5481.620313595357,5485.860298368098
5490.340282278918,5497.900255128426
5507.180221800839,5510.340210452221
5511.980204562432,5519.060179135781
5526.02015414009,5533.060128857093
5541.060100126415,5549.180070964776
5615.379833218411,5619.019820145952
5629.3397830833765,5634.419764839396
5655.259689995977,5660.699670459116
5678.0196082571965,5694.579548784692
5716.579469775326,5721.139453398839
5740.539383726943,5744.259370367178
5770.3392767051655,5776.259255444464
5787.73921421594,5793.179194679078
5807.699142532896,5817.779106332241
5825.779077601563,5829.979062517957
5919.05874260185,5922.178731396885
5939.0986706315,5945.098649083491
5956.418608429581,5959.098598804803
5961.658589610986,5966.09857366546
5982.218515773143,5991.378482876516
5992.098480290754,5994.9784699477095
6011.0184123427,6013.898401999655
6017.178390220077,6024.498363931506
6038.418313940125,6040.898305033615
6043.77829469057,6048.178278888698
6059.298238953053,6071.338195713382
6102.25808466931,6110.658054502097
6146.417926075964,6163.737863874045
6203.017722806412,6220.537659886227
6245.337570821122,6254.977536200655
6275.8574612135835,6280.097445986324
6286.137424294661,6293.017399586278
6312.457329770729,6317.137312963282
6322.217294719301,6327.777274751479
6345.697210394759,6353.017184106188
6371.777116732747,6377.617095759351
6381.257082686893,6415.536959575935
6448.096842642073,6453.976821525024
6474.576747543527,6478.216734471068
6490.896688932942,6497.936663649945
6520.9365810492445,6524.736567402172
6529.816549158191,6561.936433804516
6592.176325202551,6601.61629130035
6735.335811067057,6739.215797132678
6747.09576883296,6756.655734499799
6781.855643998161,6790.695612250761
6829.055474487157,6833.85545724875
6853.935385134747,6857.535372205942
6866.9753383037405,6873.575314600931
6901.215215336436,6905.65519939091
6929.3751142044475,6936.0950900706775
6957.695012497845,6962.454995403091
6969.974968396254,6976.934943400563
6996.334873728667,7001.094856633914
7014.8148073608,7018.894792708154
7055.934659685112,7084.534556972935
7104.094486726426,7107.934472935701
7113.774451962305,7120.774426822962
7140.174357151066,7144.4943416364995
7159.614287335517,7170.574247974487
7190.614176004137,7200.414140809055
7315.6937267999765,7318.533716600586
7327.133685715106,7335.253656553467
7358.493573090846,7362.773557719933
7371.613525972533,7378.693500545883
7406.693399988508,7411.0933841866345
7427.693324570476,7432.813306182842
7450.413242975349,7459.453210509682
7469.693173734413,7471.893165833477
7473.613159656381,7480.893133511463
7508.933032810435,7513.7730154283745
7526.932968166408,7533.692943888985
7547.012896052404,7561.852842756995
7583.572764753203,7590.252740763087
7594.69272481756,7597.4127150491295
7604.052691202666,7613.772656294891
7806.051965753031,7809.931951818652
7820.771912888582,7824.611899097857
7825.291896655749,7830.011879704648
7844.971825978279,7848.811812187553
7860.451770384416,7868.851740217204
7887.251674136643,7891.131660202263
7901.651622421421,7912.731582629432
7936.131498592196,7944.651467994024
7974.331361403206,7978.211347468827
7988.931308969718,7993.49129259323
8015.971211860024,8022.211189450095
8029.891161868643,8037.091136011032
8074.411001982417,8077.650990346492
8117.650846693099,8122.930827730851
8123.490825719703,8125.65081796242
8134.330786789634,8142.210758489915
8156.570706918347,8165.450675027294
8180.1306223064985,8184.490606648279
8189.570588404298,8206.77052663334
8229.610444607251,8240.730404671609
8259.690336579899,8267.570308280181
8305.290172815032,8309.530157587771
8318.450125553065,8331.210079727633
8361.329971556628,8364.849958915129
8374.449924438315,8381.609898724357
8407.449805924265,8418.72976541401
8444.609672470264,8459.529618887547
8486.329522639775,8489.32951186577
8498.929477388956,8506.049451818652
8530.329364621042,8534.529349537435
8571.809215652473,8576.969197121185
8600.72911179107,8607.849086220765
8717.808691317588,8721.768677095903
8726.928658564615,8731.328642762743
8735.848626529909,8754.528559443774
8769.168506866632,8772.84849365052
8779.56846951675,8790.368430730334
8805.848375136471,8811.84835358846
8818.288330460266,8823.52831164167
8837.608261075677,8842.568243262656
8858.808184939378,8862.048173303454
8882.368100327529,8887.488081939895
8906.328014279146,8910.367999770155
8917.72797333793,8925.447945612825
8943.247881687064,8948.487862868471
8966.76779721887,8973.447773228754
8978.127756421307,8983.007738895592
9002.527668792736,9006.407654858358
9012.527632879388,9017.727614204447
9118.48725234155,9123.287235103144
9129.287213555133,9135.247192150779
9147.807147043613,9153.927125064643
9170.007067315979,9173.76705381256
9179.287033988392,9214.846906280525
9242.206808021605,9245.56679595472
9251.68677397575,9258.926747974487
9280.006672269148,9286.286649715566
9301.046596707463,9307.686572861001
9339.76645765098,9342.886446446015
9352.326412543815,9357.446394156179
9366.446361834167,9369.286351634775
9382.646303654543,9387.326286847096
9397.686249640867,9402.326232977073
9422.64616000115,9427.286143337355
9442.926087168878,9457.846033586164
9490.565916077687,9495.765897402747
9515.485826581624,9519.685811498017
9536.725750301672,9541.085734643451
9638.24538570936,9642.045372062288
9646.485356116762,9659.525309285755
9674.08525699592,9681.605229989082
9704.605147388382,9712.725118226743
9730.765053439061,9736.805031747399
9752.524975291615,9758.284954605528
9772.844902315692,9780.044876458081
9789.644841981268,9794.604824168247
9810.124768430731,9814.72475191059
9830.40469559846,9836.804672613916
9861.564583692467,9866.084567459633
9886.004495920244,9889.524483278745
9903.044434723897,9912.524400678043
9938.964305723151,9943.68428877205
9967.564203010976,9973.124183043154
9981.444153163247,9999.004090099408
10029.363981066483,10033.683965551916
10079.043802648968,10087.883770901568
10116.843666896511,10122.323647215997
10151.603542061714,10156.283525254266
10174.363460322933,10178.963443802792
10195.723383612021,10200.363366948228
10216.00331077975,10223.003285640407
10243.203213095443,10246.443201459519
10256.20316640809,10263.803139113945
10290.443043440786,10295.043026920646
10317.082947767625,10331.602895621445
10362.88278328449,10371.24275326093
10426.242555737515,10428.922546112739
10437.242516232833,10440.722503734987
10468.962402315692,10473.602385651899
10496.402303769464,10501.242286387404
10528.722187697524,10532.362174625065
10537.522156093777,10549.122114434293
10568.922043325863,10573.362027380337
10578.762007987129,10589.961967764179
10608.481901252657,10620.081859593174
10643.081776992472,10648.961755875423
10658.56172139861,10670.641678015285
10694.681591679595,10698.40157831983
10704.001558208354,10721.761494426248
10752.001385824284,10762.76134718152
10793.481236855714,10824.681124806068
10862.560988766305,10867.840969804056
10898.56085947825,10908.360824283169
10937.480719703499,10943.400698442796
10966.960613830948,10970.760600183876
10980.200566281675,10989.520532810435
